family,sensor,range_m,fov_deg,variant,track,status,laps_valid,laps_target,best_lap_s,mean_lap_s,mean_speed_mps,cones_per_lap,cones_hit_total,max_speed_mps,max_lat_accel_mps2,sim_time_s,distance_m,wall_time_s
sensor,default,4.0,100.0,full,belgium,finished,3,3,25.28,25.29,5.16,0.0,0,5.72,4.56,77.2,394.7,6.7
sensor,default,4.0,100.0,full,hairpins_increasing_difficulty,finished,3,3,161.3,161.4,5.15,11.0,33,5.96,6.3,485.0,2480.9,44.4
sensor,default,4.0,100.0,full,peanut,finished,3,3,21.06,21.06,4.95,0.0,0,5.64,5.44,65.2,314.5,6.7
sensor,default,4.0,100.0,full,small_track,finished,3,3,25.68,25.78,4.06,0.0,0,5.2,4.55,79.7,315.3,4.7
sensor,first,7.0,60.0,full,belgium,finished,3,3,21.04,21.1,6.19,0.0,0,7.63,4.52,64.7,394.9,8.1
sensor,first,7.0,60.0,full,hairpins_increasing_difficulty,off_course,0,3,,,,,1,7.74,4.59,51.7,302.4,6.6
sensor,first,7.0,60.0,full,peanut,finished,3,3,18.96,19.04,5.48,0.0,0,7.1,4.96,59.2,313.4,7.7
sensor,first,7.0,60.0,full,small_track,finished,3,3,17.72,17.77,5.89,0.0,0,7.2,4.98,55.1,313.0,4.7
sensor,wide,8.0,120.0,full,belgium,finished,3,3,20.32,20.39,6.4,0.0,0,8.1,4.29,62.5,391.8,6.4
sensor,wide,8.0,120.0,full,hairpins_increasing_difficulty,finished,3,3,130.08,130.29,6.38,11.0,33,8.26,5.12,391.7,2481.3,62.4
sensor,wide,8.0,120.0,full,peanut,finished,3,3,18.86,18.87,5.53,0.0,0,7.31,4.32,58.7,315.0,7.8
sensor,wide,8.0,120.0,full,small_track,finished,3,3,16.8,16.86,6.21,0.0,0,7.62,4.94,52.3,314.6,3.6
sensor,long,12.0,120.0,full,belgium,finished,3,3,19.54,19.61,6.66,0.0,0,9.84,4.3,60.2,391.7,7.0
sensor,long,12.0,120.0,full,hairpins_increasing_difficulty,finished,3,3,121.12,121.43,6.84,11.0,33,9.96,5.12,365.1,2481.4,88.6
sensor,long,12.0,120.0,full,peanut,finished,3,3,18.88,18.88,5.52,0.0,0,7.31,4.58,58.7,315.0,11.5
sensor,long,12.0,120.0,full,small_track,finished,3,3,16.2,16.29,6.43,0.0,0,9.56,4.71,50.6,314.6,3.9
ablation,default,4.0,100.0,no_memory,belgium,finished,3,3,25.36,25.38,5.15,0.0,0,5.73,5.3,77.5,399.4,2.4
ablation,default,4.0,100.0,no_memory,hairpins_increasing_difficulty,off_course,0,3,,,,,1,6.01,6.56,77.0,389.0,3.2
ablation,default,4.0,100.0,no_memory,peanut,finished,3,3,21.24,21.4,4.87,3.0,9,5.89,5.88,66.3,334.0,2.5
ablation,default,4.0,100.0,no_memory,small_track,finished,3,3,28.84,29.77,3.52,2.0,6,5.4,6.15,91.6,332.1,2.5
ablation,default,4.0,100.0,no_fallback,belgium,off_course,0,3,,,,,1,5.59,4.56,29.3,128.6,1.4
ablation,default,4.0,100.0,no_fallback,hairpins_increasing_difficulty,off_course,0,3,,,,,1,5.63,4.68,27.7,126.8,1.5
ablation,default,4.0,100.0,no_fallback,peanut,off_course,0,3,,,,,1,5.54,4.08,8.2,22.9,0.4
ablation,default,4.0,100.0,no_fallback,small_track,off_course,0,3,,,,,0,5.01,4.33,32.4,107.4,1.1
ablation,default,4.0,100.0,noise_0.1,belgium,finished,3,3,25.25,25.3,5.16,0.0,0,5.73,4.76,77.3,394.6,6.0
ablation,default,4.0,100.0,noise_0.1,hairpins_increasing_difficulty,finished,3,3,161.09,161.3,5.15,11.0,33,5.96,6.36,484.7,2480.7,43.3
ablation,default,4.0,100.0,noise_0.1,peanut,finished,3,3,21.03,21.05,4.95,0.0,0,5.67,5.84,65.2,313.7,6.0
ablation,default,4.0,100.0,noise_0.1,small_track,finished,3,3,26.01,26.03,4.02,0.0,0,5.23,4.44,80.4,315.0,4.4
ablation,default,4.0,100.0,noise_0.2,belgium,off_course,0,3,,,,,1,5.66,6.78,27.5,129.5,3.1
ablation,default,4.0,100.0,noise_0.2,hairpins_increasing_difficulty,off_course,0,3,,,,,4,5.83,7.24,54.4,255.8,8.9
ablation,default,4.0,100.0,noise_0.2,peanut,finished,3,3,21.73,21.76,4.79,0.0,0,5.92,7.41,67.4,316.4,9.6
ablation,default,4.0,100.0,noise_0.2,small_track,finished,3,3,26.06,26.73,3.92,1.33,4,5.55,7.29,82.5,313.8,8.0
